motorcar,geometry,addr:street,amenity,brand,brand:wikidata,brand:wikipedia,name,operator,addr:housename,opening_hours,operator:wikidata,operator:wikipedia,phone,website,access,fee,parking,addr:city,addr:postal_district,capacity,layer,addr:country,addr:housenumber,payment:account_cards,ref,note,source,covered,level,location,description,payment:contactless,short_name,highway,socket:type2,socket:type2:output,maxstay,socket:chademo,socket:chademo:output,amperage,voltage,socket:type2_combo,socket:type2_combo:output,office,authentication:app,authentication:contactless,charging_station:capacity,authentication:none,charge,socket:combo,socket:combo:output,parking:fee,socket:tesla_supercharger_ccs,socket:tesla_supercharger_ccs:output,manufacturer,authentication:nfc,charging_station:output,nodes
,POINT (-6.2555737 53.3322769),Adelaide Road,charging_station,,,,ESB Electric Vehicle Charge Point,ESB ecars,,,Q3050566,en:ESB Group,+353 1 258 3799,,,yes,,Dublin,,2,,,,,C8RZY,,,,,,,,,,2,22kW,,,,,,,,,,,,,,,,,,,,,,
,POINT (-6.1657318 53.2834921),,charging_station,,,,Nissan Fast Charge Point,Windsor Deansgrange,,,,,,,,no,,,,1,,,,,,,,,,,,,,,,,,1,50kW,,,,,,,,,,,,,,,,,,,
,POINT (-6.37003 53.2943233),,charging_station,,,,Nissan Fast Charger,Windsor Belgard,,,,,,,customers,no,,,,1,,,,,,,,,,,,,,,,,,1,50kW,120,400,,,,,,,,,,,,,,,,,
,POINT (-6.394243 53.314832),,charging_station,,,,ESB Electric Vehicle Fast Charge Point,ESB ecars,,,Q3050566,en:ESB Group,+353 1 258 3799,,,yes,,,,2,,,,,C5L9W,,,,,,,,,,1,43kW,,1,50kW,,,1,50kW,,,,,,,,,,,,,,,
,POINT (-6.3919694 53.3773496),,charging_station,,,,ESB Electric Vehicle Charge Point,ESB ecars,,,Q3050566,en:ESB Group,,,,yes,,,,2,,,,,C8Z6D,,,,,,,,,,2,22kW,,,,16,220,,,,,,,,,,,,,,,,,
,POINT (-6.1996383 53.2902309),Old Dublin Road,charging_station,,,,ESB Electric Vehicle Charge Point,ESB ecars,Stillorgan Village Shopping Centre,,Q3050566,en:ESB Group,+353 1 258 3799,,,yes,,Stillorgan,,2,,,,,C7LE0,,https://www.esb.ie/electric-cars/electric-car-charging/electric-car-charge-point-map.jsp,,,,,,,,2,22kW,,,,,,,,,,,,,,,,,,,,,,
,POINT (-6.1975575 53.4928349),Turvey Roundabout,charging_station,,,,ESB Electric Vehicle Fast Charge Point,ESB ecars,,,Q3050566,en:ESB Group,,,,yes,,Donabate,,2,,,,,CBCSH,,,,,,,,,,1,43kW,,1,50kW,,400,1,50kW,,,,,,,,,,,,,,,
,POINT (-6.5070151 53.3693226),Leixlip Louisa Bridge Park & Ride,charging_station,,,,ESB Electric Vehicle Charge Point,ESB ecars,,,Q3050566,en:ESB Group,,,yes,yes,,Leixlip,,2,,,,,C8AXY,,,,,,,,,,2,22 kW,,,,,,,,,,,,,,,,,,,,,,
,POINT (-6.2761714 53.369002),Finglas Road,charging_station,,,,ESB Electric Vehicle Charge Point,ESB ecars,,,Q3050566,en:ESB Group,,,,yes,,,,2,,,,,C76VM,,,,,,,,,,2,22kW,,,,16,220,,,,,,,,,,,,,,,,,
,POINT (-6.2513165 53.3451138),Mark Street,charging_station,,,,ESB Electric Vehicle Charge Point,ESB ecars,,,Q3050566,en:ESB Group,,,,yes,,Dublin,,2,,,,,C73U1,,,,,,,,,,2,22kW,,,,,,,,,,,,,,,,,,,,,,
,POINT (-6.4217207 53.2832182),Fortunestown Lane,charging_station,,,,ESB Electric Vehicle Charge Point,ESB ecars,Citywest Shopping Centre,,Q3050566,en:ESB Group,,,yes,yes,,Citywest,D24,2,,,,,C7E19,,,,,,,,,,2,22 kW,,,,,,,,,,,,,,,,,,,,,,
,POINT (-6.2991315 53.3470528),,charging_station,,,,ESB Electric Vehicle Charge Point,ESB ecars,Heuston Station,,Q3050566,en:ESB Group,,,,yes,,Dublin,,2,,,,,C8G3C,,,,,,,,,,2,22kW,,,,,,,,,,,,,,,,,,,,,,
,POINT (-6.1030398 53.2756914),Railway Road,charging_station,,,,ESB Electric Vehicle Charge Point,ESB ecars,Dalkey Train Station,,Q3050566,en:ESB Group,,,,yes,,Dalkey,,2,,,,,C6A6Q,,,,,,,,,,2,22kW,,,,,,,,,,,,,,,,,,,,,,
,POINT (-6.3741897 53.3868296),Mill Road,charging_station,,,,ESB Electric Vehicle Charge Point,ESB ecars,,,Q3050566,en:ESB Group,,,,yes,,Blanchardstown,,2,,,,,C8YK0,,,,,,,,,,2,22kW,,,,16,220,,,,yes,yes,,,,,,,,,,,,
yes,POINT (-6.2161981 53.4128246),Stockhole Lane,charging_station,ESB ecars,,,ESB Electric Vehicle Fast Charge Point,ESB ecars,,,Q3050566,en:ESB Group,,,,yes,,Dublin,,2,,,,,C5NLZ,,,,,,,,,,1,43kW,,1,50kW,,,1,50kW,,yes,yes,2,,,,,,,,,,,
,POINT (-6.1791904 53.3026514),,charging_station,,,,ESB Electric Vehicle Charge Point,ESB ecars,,24/7,Q3050566,en:ESB Group,+353 1 258 3799,,,yes,,,,2,,,,,C7XJF,,,,,,,,,,2,22kW,,,,,,,,,,,,,,,,,,,,,,
,POINT (-6.2281813 53.3427522),Thorncastle Street,charging_station,,,,ESB Electric Vehicle Charge Point,ESB ecars,,24/7,Q3050566,en:ESB Group,,,,yes,,Dublin,,2,,,,,C6AD9,,,,,,,,,,2,22kW,,,,,,,,,,,,,,,,,,,,,,
,POINT (-6.1691518 53.2526689),Glenamuck Road North Roundabout,charging_station,,,,ESB Electric Vehicle Charge Point,ESB ecars,Carrickmines Luas,,Q3050566,en:ESB Group,,,,yes,,Carrickmines,,4,,,,,C8STP;C4X26,,,,,,,,,,4,22kW,,,,,,,,,yes,yes,4,,,,,,,,,,,
,POINT (-6.2576828 53.3353035),,charging_station,,,,ESB Electric Vehicle Charge Point,ESB ecars,,,Q3050566,en:ESB Group,+353 1 258 3799,,,yes,,,,2,,,,,C7YZ0,,,,,,,,,,2,22kW,,,,,,,,,,,,,,,,,,,,,,
,POINT (-6.2992687 53.3298793),,charging_station,,,,ESB Electric Vehicle Charge Point,ESB ecars,,,Q3050566,en:ESB Group,,,,yes,,,,2,,,,,C8YSR,,,,,,,,,,2,22kW,,,,,,,,,,,,,,,,,,,,,,
yes,POINT (-6.3928286 53.3921581),,charging_station,,,,ESB Electric Vehicle High Power Charge Point,ESB ecars,,,Q3050566,en:ESB Group,,,,yes,,,,3,,,,,C75XM;C7T79,,,,,,,,,,1,22kW,,2,1x 50kW;1x 70kW,,,2,1x 50kW;1x 150kW,,yes,yes,,,,,,,,,,,,
,POINT (-6.5235544 53.3230273),,charging_station,,,,ESB Electric Vehicle Charge Point,ESB ecars,,,Q3050566,,,,yes,yes,,,,2,,,,,C8VP7,,,,,,,,,,2,22 kW,,,,,,,,,,,,,,,,,,,,,,
,POINT (-6.4712579 53.4338406),,charging_station,,,,ESB Electric Vehicle Charge Point,ESB ecars,,,Q3050566,,,https://esbecars.esb.ie/,yes,yes,,,,2,,,,,C8T0Z,,,,,,,,,,2,22 kW,,,,,,,,,,,,,,,,,,,,,,
yes,POINT (-6.3641669 53.3750449),,charging_station,,,,ESB Electric Vehicle Charge Point,ESB ecars,,24/7,Q3050566,en:ESB Group,,,,yes,,,,2,,,,,C8U81,,,,,,,,,,2,22kW,,,,32,230,,,,yes,yes,,,,,,,,,,,,
,POINT (-6.2523121 53.3255171),Chelmsford Road,charging_station,,,,ESB Electric Vehicle Charge Point,ESB ecars,,,Q3050566,en:ESB Group,,,,yes,,Dublin,,2,,,,,C7EVH,,,,,,,,,,2,22kW,,,,,,,,,,,,,,,,,,,,,,
,POINT (-6.2480316 53.3380699),,charging_station,,,,ESB Electric Vehicle Charge Point,ESB ecars,,,Q3050566,en:ESB Group,+353 1 258 3799,,,yes,,,,2,,,,,C3RQP,,,,,,,,,,2,22kW,,,,,,,,,,,,,,,,,,,,,,
,POINT (-6.2497686 53.3406963),,charging_station,,,,ESB Electric Vehicle Charge Point,ESB ecars,,,Q3050566,en:ESB Group,,,,yes,,,,2,,,,,C82EQ,,,,,,,,,,2,22kW,,,,,,,,,,,,,,,,,,,,,,
,POINT (-6.2683709 53.3406211),,charging_station,,,,ESB Electric Vehicle Charge Point,ESB ecars,,,Q3050566,en:ESB Group,,,,yes,,,,2,,,,,C7952,,,,,,,,,,2,22kW,,,,,,,,,,,,,,,,,,,,,,
yes,POINT (-6.2669284 53.3339509),,charging_station,,,,ESB Electric Vehicle Charge Point,ESB ecars,,24/7,Q3050566,en:ESB Group,+353 1 258 3799,,,yes,,,,2,,,,,C7PH0,,,,,,,,,,2,22kW,,,,,,,,,yes,yes,,,,,,,,,,,,
,POINT (-6.2874217 53.3548687),,charging_station,,,,ESB Electric Vehicle Charge Point,ESB ecars,,,Q3050566,en:ESB Group,,,,yes,,,,2,,,,,C7D0Z,,,,,,,,,,2,22kW,,,,,,,,,,,,,,,,,,,,,,
,POINT (-6.226756 53.3628751),,charging_station,,,,ESB Electric Vehicle Charge Point,ESB ecars,,,Q3050566,en:ESB Group,,,,yes,,,,2,,,,,C8C5K,,,,,,,,,,2,22kW,,,,,,,,,,,,,,,,,,,,,,
,POINT (-6.2460985 53.3351876),Herbert Street,charging_station,,,,ESB Electric Vehicle Charge Point,ESB ecars,,,Q3050566,en:ESB Group,+353 1 258 3799,,,yes,,,,2,,,,,C8XYS,,,,,,,,,,2,22kW,,,,,,,,,,,2,,,,,,,,,,,
yes,POINT (-6.1176845 53.2367422),,charging_station,ESB ecars,,,ESB Electric Vehicle Charge Point,ESB ecars,,,Q3050566,,,https://esbecars.esb.ie/,,yes,,,,2,,,,,C77UD,,,,,,,,,,2,22kW,,,,,,,,,,,,,,,,,,,,,,
,POINT (-6.1852285 53.2512706),,charging_station,,,,ESB Electric Vehicle Charge Point,ESB ecars,,,Q3050566,en:ESB Group,,,,yes,,,,2,,,,,C8XR1,,,,,,,,,,2,22kW,,,,,,,,,,,,,,,,,,,,,,
,POINT (-6.103777 53.204953),,charging_station,,,,ESB Electric Vehicle Charge Point,ESB ecars,,24/7,Q3050566,en:ESB Group,,,yes,yes,,,,2,,,,,C7SBJ,,,,,,,,,,2,22 kW,,,,32,230,,,,yes,yes,,,,,,,,,,,,
,POINT (-6.2387139 53.3220015),,charging_station,,,,ESB Electric Vehicle Charge Point,ESB ecars,,,Q3050566,en:ESB Group,,,,yes,,Dublin,,2,,,,,C5GF2,,,,,,,,,,2,22kW,,,,,,,,,,,,,,,,,,,,,,
,POINT (-6.2033325 53.2954009),,charging_station,,,,ESB Electric Vehicle Fast Charge Point,ESB ecars,,24/7,Q3050566,en:ESB Group,+353 1 258 3799,,,yes,,,,2,,,,,C5PSD,,,,,,,,,,1,43kW,,1,50kW,,,1,50kW,,,,,,,,,,,,,,,
,POINT (-6.1830816 53.3607818),,charging_station,,,,ESB Electric Vehicle Charge Point,ESB ecars,,,Q3050566,en:ESB Group,,,,yes,,,,2,,,,,C7WX1,,,,,,,,,,2,22kW,,,,,,,,,,,,,,,,,,,,,,
,POINT (-6.2185272 53.4584537),,charging_station,,,,,Streetcharge,,,,,,,,,,,,1,,,,,,,,,,,,,,,1,,,,,32,230,,,,,,,,,,,,,,,,,
,POINT (-6.2235393 53.4542139),,charging_station,,,,ESB Electric Vehicle Charge Point,ESB ecars,,,Q3050566,en:ESB Group,,,,yes,,,,2,,,,,C7AJC,,,,,,,,,,2,22kW,,,,,,,,,,,,,,,,,,,,,,
,POINT (-6.1166473 53.3919154),,charging_station,,,,ESB Electric Vehicle Charge Point,ESB ecars,,,Q3050566,en:ESB Group,,,permissive,yes,,,,2,,,,,C8LMS,,,,,,,,,,2,22kW,,,,32,230,,,,,,,,,,,,,,,,,
,POINT (-6.2701256 53.3076397),,charging_station,,,,Electric Car Charging,,,,,,,,private,,surface,,,6,,,,,,,,,,,,,,,,,,,,,,,,,,,,,,,,,,,,,,
,POINT (-6.3602762 53.3732234),,charging_station,Lidl,Q151954,,Lidl Electric Vehicle Charger,EasyGo,,,Q110158632,,,https://easygo.ie/,permissive,no,,,,2,,,,,IE*EGO0110,,,,,,,,,,2,22kW,,,,,,,,,yes,yes,,,,,,,,,,,,
,POINT (-6.315411 53.319464),Saint Agnes Road (Crumlin Village),charging_station,,,,ESB Electric Vehicle Charge Point,ESB ecars,,24/7,Q3050566,en:ESB Group,,,,yes,,,,2,,,,,C743W,,,,,,,,,,2,22kW,,,,,,,,,yes,yes,,,,,,,,,,,,
,POINT (-6.137717 53.295686),,charging_station,,,,,Streetcharge,,,,,,,,,,,,1,,,,,,,,,,,,,,,,,,,,,,,,,,,,,,,,,,,,,,
,POINT (-6.1438793 53.2826851),,charging_station,,,,ESB Electric Vehicle Fast Charge Point,ESB ecars,,,Q3050566,en:ESB Group,+353 1 258 3799,,,yes,,,,4,,,,,C8BHW;C85WS,,,,,,,,,,3,1x 43kW;2x 22kW,,1,50kW,,,1,50kW,,,,,,,,,,,,,,,
,POINT (-6.2852943 53.34756),,charging_station,,,,ESB Electric Vehicle Charge Point,ESB ecars,,,Q3050566,en:ESB Group,,,,yes,,,,2,,,,,C6X7H,,,,,,,,,,2,22kW,,,,,,,,,,,,,,,,,,,,,,
,POINT (-6.1372499 53.2790048),,charging_station,Lidl,Q151954,,Lidl Electric Vehicle Charger,EasyGo,,,Q110158632,,,https://easygo.ie/,,no,,,,2,,,,,IE*EGO0101,,,,,,,,,,2,22kW,,,,,,,,,yes,yes,,,,,,,,,,,,
,POINT (-6.1391686 53.2774801),,charging_station,,,,Aldi Electric Vehicle Charging Point,Aldi;EasyGo,,"Mo-Fr 09:00-22:00; Sa, Su 09:00-21:00",,,,,,yes,,,,4,,,,,IE*EGO0030,,,,,,,,,,4,7kW;22kW,,,,,,,,,,,,,,,,,,,,,,
,POINT (-6.2895719 53.3583979),,charging_station,Lidl,Q151954,,Lidl Electric Vehicle Charger,EasyGo,,,Q110158632,,,https://easygo.ie/,,no,,,,2,,,,,IE*EGO0119,,,,,,,,,,2,22kW,,,,,,,,,yes,yes,,,,,,,,,,,,
,POINT (-6.1348064 53.2936032),Marine Road,charging_station,,,,ESB Electric Vehicle Charge Point,ESB ecars,,24/7,Q3050566,en:ESB Group,+353 1 258 3799,https://www.esb.ie/our-businesses/ecars/ecars-overview,,yes,,,,2,,,,,C57G4,,,,,,,,,,2,22kW,,,,,,,,,,,,,,,,,,,,,,
,POINT (-6.2037081 53.2770948),,charging_station,,,,ESB Electric Vehicle Charge Point,ESB ecars,,,Q3050566,en:ESB Group,+353 1 258 3799,,,yes,,,,2,,,,,C6WC1,,,,,,,,,,2,22kW,,,,,,,,,,,,,,,,,,,,,,
,POINT (-6.2586006 53.3521348),,charging_station,,,,LiFe EV,Franklin Energy,,,,,,,permissive,yes,,,,2,,,,,GB175,,,,,,,,,,2,22kW,,,,,,,,,,,,,,,,,,,,,,
,POINT (-6.2332837 53.3560083),,charging_station,,,,Lidl Electric Vehicle Charger,EasyGo,,,Q110158632,,,https://easygo.ie/,,no,,,,2,,,,,IE*EGO0114,,,,,,,,,,2,22kW,,,,,,,,,yes,yes,,,,,,,,,,,,
,POINT (-6.1230902 53.2335315),,charging_station,Lidl,Q151954,,Lidl Electric Vehicle Charger,EasyGo,,,Q110158632,,,https://easygo.ie/,yes,no,,,,2,,,,,IE*EGO0123,,,,,,,,,,2,,,,,,,,,,yes,yes,,,,,,,,,,,,
,POINT (-6.2684727 53.2775014),,charging_station,,,,EV Charging Point,Dún Laoghaire-Rathdown County Council,,,,,,,,no,,,,2,,,,,,,,,,,,,,,2,22kW,,,,,,,,,,,,yes,,,,,,,,,,
,POINT (-6.1300251 53.292819),,charging_station,,,,,,,24/7,,,,,,yes,,,,2,,,,,,,,,,,,,,,,,,,,,,,,,,,,,,,,,,,,,,
yes,POINT (-6.2484956 53.3342855),,charging_station,,,,ESB Electric Vehicle Charge Point,ESB ecars,,,Q3050566,en:ESB Group,+353 1 258 3799,,,yes,,,,2,,,,,C8RS6,,,,,,,,,,2,22kW,,,,,,,,,yes,yes,,,,,,,,,,,,
,POINT (-6.1606446 53.2600549),,charging_station,,,,,,,,,,,,,,,,,2,,,,,Dún Laoghaire-Rathdown County Council,,,,,,,,,,,,,,,32,,,,,,,,,,,,,,,,,,
yes,POINT (-6.3900076 53.3664685),,charging_station,,,,ecar Charge Point,Castleknock Golf and Country Club,,,,,,,,no,,,,2,,,,,,,,,,,,,,,2,2,,,,32,230,,,,,,,,,,,,,,,,,
,POINT (-6.3962952 53.4951554),Ratoath Road,charging_station,,,,ESB Electric Vehicle Fast Charge Point,ESB ecars,Circle K,,Q3050566,en:ESB Group,,,yes,yes,,Baltrasna,,2,,,,yes,CBJ7V,,,,,,,,,,1,43kW,,1,50kW,,,,,,yes,yes,,,0.33 EUR per kWh,1,50kW,,,,,,,
,POINT (-6.4634219 53.4165403),,charging_station,,,,ESB Electric Vehicle Charge Point,ESB ecars,,,Q3050566,,,https://esbecars.esb.ie/,yes,yes,,,,2,,,,,C56Y7,,,,,,,,,,2,22 kW,,,,,,,,,,,,,,,,,,,,,,
,POINT (-6.1063772 53.2041787),,charging_station,,,,ESB Electric Vehicle Charge Point,ESB ecars,,,Q3050566,en:ESB Group,,,yes,yes,,,,2,,,,,C3SLV,,,,,,,,,,2,22 kW,,,,,,,,,,,,,,,,,,,,,,
,POINT (-6.1079483 53.202257),,charging_station,,,,ESB Electric Vehicle Charge Point,ESB ecars,,,Q3050566,en:ESB Group,,,yes,yes,,,,2,,,,,C79X4,,,,,,,,,,2,22 kW,,,,,,,,,,,,,,,,,,,,,,
,POINT (-6.4699802 53.2812378),,charging_station,,,,ESB Electric Vehicle Charge Point,ESB ecars,,,Q3050566,en:ESB Group,,,yes,yes,,,,2,,,,,C774G,,,,,,,,,,2,22 kW,,,,,,,,,,,,,,,,,,,,,,
,POINT (-6.0953062 53.1984311),,charging_station,,,,ESB Electric Vehicle Charge Point,ESB ecars,,,Q3050566,en:ESB Group,,,yes,yes,,,,2,,,,,C8N2X,,,,,,,,,,2,22 kW,,,,,,,,,,,,,,,,,,,,,,
,POINT (-6.0986938 53.2034285),,charging_station,,,,ESB Electric Vehicle Charge Point,ESB ecars,,,Q3050566,en:ESB Group,,,yes,yes,,,,2,,,,,C8JZ2,,,,,,,,,,2,22 kW,,,,,,,,,,,,,,,,,,,,,,
,POINT (-6.1082583 53.1952024),,charging_station,,,,ESB Electric Vehicle Fast Charge Point,ESB ecars,,,Q3050566,en:ESB Group,,,yes,yes,,,,2,,,,,C9Q9H,,,,,,,,,,1,43kW,,1,50kW,,,1,50kW,,,,,,€0.33/kWh,,,,,,,,,
,POINT (-6.180678 53.1858115),,charging_station,,,,"Ritz Carlton, Powerscourt",Ritz Carlton,,,,,,,customers,no,,,,,,,,,,,,,,,,,,,1,3.6 kW,,,,,,,,,,,,,,,,,,,,,,
,POINT (-6.2150013 53.4454843),,charging_station,,,,ESB Electric Vehicle Charge Point,ESB ecars,,,Q3050566,en:ESB Group,,,,yes,,,,2,,,,,TEV001,,,,,,,,,,2,22kW,,,,,,,,,,,,,,,,,,,,,,
,POINT (-6.2328409 53.3388698),,charging_station,,,,ESB Electric Vehicle Charge Point,ESB ecars,,24/7,Q3050566,en:ESB Group,,,customers,yes,,,,2,2,,,,C6BES,,GPS,,,,,,,,2,22kW,,,,,230,,,,yes,yes,,,,,,,,,,,,
,POINT (-6.2446643 53.2902901),,charging_station,,,,,,,,,,,,,,,,,2,,,,,,,,,,,,,,,,,,,,,,,,,,,,,,,,,,,,,,
,POINT (-6.3134953 53.3043471),,charging_station,,,,ESB Electric Vehicle Fast Charge Point,ESB ecars,,,Q3050566,en:ESB Group,+353 1 258 3799,,,yes,,,,2,,,,,C5RZS,,,,,,,,,,1,43kW,,1,50kW,,,1,50kW,,,,,,,,,,,,,,,
yes,POINT (-6.2719622 53.4077515),,charging_station,,,,EasyGo Charging Stations,EasyGo,,,Q110158632,,,https://easygo.ie/,customers,yes,,,,10,,,,,IE*EGO0151,,,,,,,,,,10,,,,,,230,,,,yes,yes,,,,,,,,,,,,
,POINT (-6.3888347 53.3502498),,charging_station,,,,ESB Electric Vehicle Charge Point,ESB ecars,,,Q3050566,en:ESB Group,,,permissive,yes,,,,4,,,,,TEV009;TEV010,,,,,,,,,,4,22kW,,,,,,,,,,,,,,,,,,,,,,
,POINT (-6.3781572 53.3019986),,charging_station,Lidl,Q151954,,Lidl Electric Vehicle Charger,EasyGo,,,Q110158632,,,https://easygo.ie/,,no,,,,2,,,,,IE*EGO0121,,,,,,,,,,2,22kW,,,,,,,,,yes,yes,,,,,,,,,,,,
,POINT (-6.2659344 53.2776523),,charging_station,Lidl,Q151954,,Lidl Electric Vehicle Charger,EasyGo,,,Q110158632,,,https://easygo.ie/,permissive,no,,,,2,,,,,IE*EGO0100,,,,,,,,,,2,22kW,,,,,,,,,yes,yes,,,,,,,,,,,,
,POINT (-6.2270152 53.4507517),,charging_station,Lidl,Q151954,,Lidl Electric Vehicle Charger,EasyGo,,,Q110158632,,,https://easygo.ie/,,no,,,,2,,,,only,IE*EGO0116,,,,,,,,,,2,22kW,2 hours,,,,,,,,yes,yes,,,,,,,,,,,,
,POINT (-6.3811261 53.382532),,charging_station,,,,ESB ELectric Vehicle Charge Point,ESB ecars,,,Q3050566,en:ESB Group,,,,yes,,,,2,,,,,TEV006,,,,,,,,,,2,22kW,,,,,,,,,,,,,,,,,,,,,,
,POINT (-6.3531949 53.2877449),,charging_station,Lidl,Q151954,,Lidl Electric Vehicle Charger;The Echo,EasyGo,,,Q110158632,,,https://easygo.ie/,,no,,,,2,,,,,IE*EGO0108,,,,,,,,,,2,22kW,,,,,,,,newspaper,yes,yes,,,,,,,,,,,,
,POINT (-6.3699458 53.285608),,charging_station,,,,ESB Electric Vehicle Fast Charge Point,ESB ecars,,,Q3050566,en:ESB Group,+353 1 258 3799,,yes,yes,,,,4,,,,,C8YSJ;C6NY4,,,,,,,,,,3,22kW,,1,50kW,,,1,50kW,,,,,,,,,,,,,,,
,POINT (-6.299254 53.3601734),,charging_station,,,,ESB Electric Vehicle Charge Point,ESB ecars,,,Q3050566,en:ESB Group,,,,yes,,,,2,,,,,TEV002,,,,,,,,,,2,22kW,,,,,,,,,,,,,,,,,,,,,,
,POINT (-6.4196836 53.3843091),,charging_station,Lidl,Q151954,,Lidl Electric Vehicle Charger,EasyGo,,,Q110158632,,,https://easygo.ie/,,no,,,,2,,,,,IE*EGO0159,,,,,,,,,,2,22kW,,,,,,,,,yes,yes,,,,,,,,,,,,
,POINT (-6.2975652 53.2960971),,charging_station,ChargePoint,Q5176149,en:ChargePoint,ChargePoint,ChargePoint,,,Q5176149,en:ChargePoint,,https://www.chargepoint.com/,permissive,yes,,,,4,,,,,,Blue-marked space in front of Dealz shop.,,no,,,,,,,4,22kW,,,,,,,,,,,,,,,,,,,,,,
,POINT (-6.4527757 53.3492407),,charging_station,,,,ESB Electric Vehicle Fast Charge Point,ESB ecars,,,Q3050566,en:ESB Group,,,yes,yes,,,,2,,,,yes,CB52P,,,,,,,,,,1,43kW,,1,50kW,,,,,,yes,yes,,,,1,50kW,no,,,,,,
,POINT (-6.2138426 53.2803534),,charging_station,,,,ESB Electric Vehicle Fast Charge Point,ESB ecars,,,Q3050566,en:ESB Group,+353 1 258 3799,,,yes,,,,6,,,,,C8QYG;C8U19;C5P6M,,,,,,,,,,5,1x 43kW;4x 22kW,,1,50kW,,,1,50kW,,,,,,,,,,,,,,,
,POINT (-6.2124938 53.3538935),,charging_station,,,,ESB Electric Vehicle Fast Charge Point,ESB ecars,,,Q3050566,en:ESB Group,,,,yes,,,,4,,,,,C8MFR;C5M9S,,,,,,,,,,2,1x 43kW;1x 22kW,,2,50kW,,,2,50kW,,,,,,,,,,,,,,,
,POINT (-6.280686 53.3708094),,charging_station,,,,ESB Electric Vehicle Fast Charge Point,ESB ecars,,,Q3050566,en:ESB Group,,,,yes,,,,2,,,,,C5DGF,,,,,,,,,,1,43kW,,1,50kW,,,1,50kW,,,,,,,,,,,,,,,
,POINT (-6.2348686 53.4286649),,charging_station,,,,,ESB ecars,,,Q3050566,en:ESB Group,,,,yes,,,,2,,,,,C96GB,,,,,,,,,,1,43kW,,1,50kW,,,1,50kW,,,,,,,,,,,,,,,
,POINT (-6.1493009 53.2601363),,charging_station,,,,ESB Electric Vehicle Charge Point,ESB ecars,,,Q3050566,en:ESB Group,+353 1 258 3799,,,yes,,,,2,,,,,C88XP,,,,,,,,,,2,22kW,,,,,,,,,,,,,,,,,,,,,,
,POINT (-6.1958318 53.3092459),,charging_station,,,,ESB Electric Vehicle Charge Point,ESB ecars,,,Q3050566,en:ESB Group,+353 1 258 3799,,,yes,,,,2,,,,,C86D9,,,,,,,,,,2,22kW,,,,,,,,,,,,,,,,,,,,,,
,POINT (-6.1993736 53.2888298),,charging_station,,,,e-Station,Stillorgan Village,,,,,,,yes,no,,,,8,,,,,,,,,,,,,,,8,,,,,,,,,,,,,,,,,,,,,,,
,POINT (-6.2063785 53.3644175),,charging_station,,,,ecar Charge Point,Clontarf Castle,,,,,,,customers,no,,,,1,,,,,,,,,,,,,,,1,,,,,,,,,,,,,yes,,,,,,,,,,
,POINT (-6.2540978 53.3607132),,charging_station,,,,ecar Charge Point,Croke Park Hotel,,,,,,,customers,no,,,,1,,,,,,Located in underground car park,,,,indoor,,,,,1,,,,,,,,,,,,,yes,,,,,,,,,,
,POINT (-6.1446193 53.5206363),,charging_station,,,,ESB Electric Vehicle Charge Point,ESB ecars,,,Q3050566,en:ESB Group,,,,yes,,,,2,,,,,C81WL,,,,,,,,,,2,22kW,,,,,,,,,,,,,,,,,,,,,,
,POINT (-6.1022571 53.5233863),,charging_station,,,,ESB Electric Vehicle Charge Point,ESB ecars,,,Q3050566,en:ESB Group,,,,yes,,,,2,,,,,TEV004,,,,,,,,,,2,22kW,,,,,,,,,,,,,,,,,,,,,,
,POINT (-6.151614 53.4512678),,charging_station,,,,ESB Electric Vehicle Charge Point,ESB ecars,,,Q3050566,en:ESB Group,,,,yes,,,,2,,,,,C6LPR,,,,,,,,,,2,22kW,,,,,,,,,,,,,,,,,,,,,,
,POINT (-6.1562292 53.4516932),,charging_station,,,,ESB Electric Vehicle Charge Point,ESB ecars,,,Q3050566,en:ESB Group,,,,yes,,,,2,,,,,C8JSB,,,,,,,,,,2,22kW,,,,,,,,,,,,,,,,,,,,,,
,POINT (-6.2386802 53.4282131),,charging_station,,,,Electric Vehicle Charge Point,Dublin Airport Authority,,,,,,,yes,no,,,,5,,,,,,,,,1,,,,,,5,,,,,,,,,,,,,,,,,,,,,,,
,POINT (-6.2420034 53.4159517),,charging_station,,,,ESB Electric Vehicle Charge Point,ESB ecars,,,Q3050566,,,https://esbecars.esb.ie/,,yes,,,,2,,,,,C79PY,,,,,,,,,,2,22kW,,,,,,,,,,,,,,,,,,,,,,
,POINT (-6.2163009 53.3831549),,charging_station,,,,ESB Electric Vehicle Charge Point,ESB ecars,,,Q3050566,en:ESB Group,,,,yes,,,,2,,,,,TEV013,,,,,,,,,,2,22kW,,,,,,,,,,,,,,,,,,,,,,
,POINT (-6.231812 53.3470714),,charging_station,,,,ESB Electric Vehicle Charge Point,ESB ecars,,,Q3050566,en:ESB Group,,,,yes,,,,2,,,,,C7FWZ,,,,,,,,,,2,22kW,,,,,,,,,,,,,,,,,,,,,,
,POINT (-6.2563257 53.3668918),,charging_station,,,,ESB Electric Vehicle Charge Point,ESB ecars,,,Q3050566,en:ESB Group,,,,yes,,,,2,,,,,C7B3X,,,,,,,,,,2,22kW,,,,,,,,,,,,,,,,,,,,,,
,POINT (-6.2963324 53.3830874),,charging_station,,,,ESB Electric Vehicle Charge Point,ESB ecars,,,Q3050566,en:ESB Group,,,,yes,,,,2,,,,,TEV029,,,,,,,,,,2,22kW,,,,,,,,,,,,,,,,,,,,,,
,POINT (-6.2732059 53.3474667),,charging_station,,,,ESB Electric Vehicle Charge Point,ESB ecars,,,Q3050566,en:ESB Group,+353 1 258 3799,,,yes,,,,2,,,,,C7NWV,,,,,,,,,,2,22kW,,,,,,,,,,,,,,,,,,,,,,
,POINT (-6.2649434 53.3533028),,charging_station,,,,ESB Electric Vehicle Charge Point,ESB ecars,,,Q3050566,en:ESB Group,+353 1 258 3799,,,yes,,,,2,,,,,C7YS8,,,,,,,,,,2,22kW,,,,,,,,,,,,,,,,,,,,,,
,POINT (-6.2671093 53.3583055),,charging_station,,,,ESB Electric Vehicle Charge Point,ESB ecars,,,Q3050566,en:ESB Group,,,,yes,,,,2,,,,,C8YCN,,,,,,,,,,2,22kW,,,,,,,,,,,,,,,,,,,,,,
,POINT (-6.2521625 53.3366637),,charging_station,,,,ESB Electric Vehicle Charge Point,ESB ecars,,,Q3050566,en:ESB Group,+353 1 258 3799,,,yes,,,,2,,,,,C5C64,,,,,,,,,,2,22kW,,,,,,,,,,,,,,,,,,,,,,
,POINT (-6.2428154 53.3365428),,charging_station,,,,ESB Electric Vehicle Charge Point,ESB ecars,,,Q3050566,en:ESB Group,,,,yes,,,,2,,,,,C8W33,,,,,,,,,,2,22kW,,,,,,,,,,,,,,,,,,,,,,
,POINT (-6.2927423 53.3459928),,charging_station,,,,,ESB ecars,,,Q3050566,en:ESB Group,,,,yes,,,,2,,,,,C7RKL,,,,,,,,,,2,22kW,,,,,,,,,,,,,,,,,,,,,,
,POINT (-6.3336747 53.3166236),,charging_station,,,,ESB Electric Vehicle Charge Point,ESB ecars,,,Q3050566,en:ESB Group,,,,yes,,,,2,,,,,C7NP3,,,,,,,,,,2,22kW,,,,,,,,,,,,,,,,,,,,,,
,POINT (-6.3720758 53.3318963),,charging_station,,,,ESB Electric Vehicle Charge Point,ESB ecars,,,Q3050566,en:ESB Group,,,,yes,,,,2,,,,,C89GL,,,,,,,,,,2,22kW,,,,,,,,,,,,,,,,,,,,,,
,POINT (-6.2663097 53.3213052),,charging_station,,,,ESB Electric Vehicle Charge Point,ESB ecars,,,Q3050566,en:ESB Group,,,,yes,,,,2,,,,,TEV003,,,,,,,,,,2,22kW,,,,,,,,,,,,,,,,,,,,,,
,POINT (-6.4590101 53.3534016),,charging_station,,,,ESB Electric Vehicle Charge Point,ESB ecars,,,Q3050566,en:ESB Group,,,,yes,,,,2,,,,,TEV005,,,,,,,,,,2,22kW,,,,,,,,,,,,,,,,,,,,,,
,POINT (-6.5446056 53.3440757),,charging_station,,,,ESB Electric Vehicle Charge Point,ESB ecars,,,Q3050566,en:ESB Group,,,,yes,,,,2,,,,,TEV049,,,,,,,,,,2,22kW,,,,,,,,,,,,,,,,,,,,,,
,POINT (-6.2535256 53.3724424),,charging_station,Lidl,Q151954,,Lidl Electric Vehicle Charger,EasyGo,,,Q110158632,,,,,no,,,,2,,,,,IE*EGO0125,,,,,,,,,,2,22kW,,,,,,,,,yes,yes,,,,,,,,,,,,
,POINT (-6.2560516 53.3720105),,charging_station,,,,EasyGo Fast Charger,EasyGo,,,Q110158632,,,https://easygo.ie/,,yes,,,,1,,,,,,,,,,,,yes,,,,,,1,50kW,,,1,50kW,,yes,yes,,,,,,,,,,,,
yes,POINT (-6.5317295 53.3368561),,charging_station,,,,,,,,,,,,,,,,,,,,,,,,,,,,,,,,,,,,,,,,,,,,,,,,,,,,,,,
,POINT (-6.4186497 53.2851393),,charging_station,Lidl,Q151954,,Lidl Electric Vehicle Charger,EasyGo,,,Q110158632,,,https://easygo.ie/,,no,,,,2,,,,,IE*EGO0102,,,,,,,,,,2,22kW,,,,,,,,,yes,yes,,,,,,,,,,,,
,POINT (-6.1396636 53.2770484),,charging_station,,,,EV Charge Point,FLYEfit Sallynoggin,,,,,,,,,,,,2,,,,,,,,,,,,,,,2,,,,,,,,,,,,,,,,,,,,,,,
,POINT (-6.1611602 53.3944227),,charging_station,,,,,,,,,,,,customers,no,,,,4,,,,,,,,,,,,,,,,,,,,,,,,,,,,,,,,,,,,,,
yes,POINT (-6.4738937 53.3457415),,charging_station,Lidl,Q151954,,Lidl Electric Vehicle Charger,EasyGo,,,Q110158632,,,https://easygo.ie/,,no,,,,2,,,,,IE*EGO0154,,,,,,,,,,2,22kW,,,,,,,,,yes,yes,,,,,,,,,,,,
,POINT (-6.2657187 53.3980456),,charging_station,Lidl,Q151954,,Lidl Electric Vehicle Charger,EasyGo,,,Q110158632,,,https://easygo.ie/,,no,,,,2,,,,,IE*EGO0126,,,,,,,,,,2,22kW,,,,,,,,,yes,yes,,,,,,,,,,,,
yes,POINT (-6.2742991 53.4071024),,charging_station,,,,EasyGo Charging Station,EasyGo,,,Q110158632,,,https://easygo.ie/,customers,yes,,,,2,,,,,IE*EGO0162-01;IE*EGO0162-02,,,,,,,,,,2,7kW,,,,,,,,,yes,yes,,,,,,,,,,,,
,POINT (-6.4735712 53.4209211),,charging_station,,,,SuperValu Charge Point,EasyGo;SuperValu,,,,,,,,no,,,,2,,,,,IE*EGO0033,,,,,,,,,,2,22kW,,,,,,,,,,,,,,,,,,,,,,
,POINT (-6.134086 53.2933539),,charging_station,,,,GOCharge Charging Station,GOcharge,,,Q111724598,,,https://www.gocharge.ie/,,yes,,,,2,,,,,IEGOC-EVBDS105,,,,,,,,,,2,7kW,,,,,,,,,yes,yes,,,,,,,,,,,,
,POINT (-6.1334119 53.2919501),,charging_station,,,,GOCharge Charging Station,GOcharge,,,Q111724598,,,https://www.gocharge.ie/,,yes,,,,2,-1,,,,IEGOC-EVBDS104,,,,,indoor,,,,,2,7kW,,,,,,,,,yes,yes,,,,,,,,,,,,
,POINT (-6.2181497 53.4116057),,charging_station,,,,EasyGo Charging Stations,EasyGo,,,Q110158632,,,https://easygo.ie/,,yes,,,,4,,,,,IE*EGO0186,,,,,indoor,,,,,4,22kW,,,,,,,,,yes,yes,,,,,,,,,,,,
,POINT (-6.3935796 53.3136362),,charging_station,,,,EasyGo Charging Station,EasyGo,,,Q110158632,,,https://easygo.ie/,,yes,,,,2,,,,,IE*EGO0194,,,,,,,,,,2,22kW,,,,,,,,,yes,yes,,,,,,,,,,,,
,POINT (-6.240632 53.2882447),,charging_station,,,,char.gy Charging Station,char.gy,,,,,,https://char.gy/00540,permit,no,,,,1,,,,,00540,,,,,,,,,,2,7.4kW,,,,,,,,,,,,,,,,,,,,,,
,POINT (-6.2407343 53.2864728),,charging_station,,,,ESB Electric Vehicle Charge Point,ESB ecars,,,Q3050566,en:ESB Group,+353 1 258 3799,,,yes,,,,4,,,,,C6UXP;C8NG2,,,,2M,indoor,,,,,4,22kW,,,,,,,,,,,,,,,,,,,,,,
,POINT (-6.2406762 53.2865069),,charging_station,,,,PodPoint Charging Station,PodPoint,,,Q42888154,en:Pod Point,,,,no,,,,7,,,,,Joey-Liam;Jake-Jean;Skye-Hugh;Ralf-Levi,,,,2,indoor,,,,,7,7kW,,,,,,,,,,,,,,,,,,,,,,
,POINT (-6.2425268 53.2878128),,charging_station,,,,EV Charging Station,Dundrum Town Centre,,,,,,,,no,,,,2,,,,,,,,,-2,,,,,,2,7kW,,,,,,,,,,,,,,,,,,,,,,
,POINT (-6.2314708 53.4251635),,charging_station,,,,DubinAirport Vehicle Charging Point,ePower,,,Q25312670,,,https://www.epower.ie,private,yes,,,,6,,,,,eP0266;eP0268;eP0203,Taxi-only.,,,,,,,,,2,22kW,,2,50kW,,,2,150kW,,,,,,,,,,,,,,,
,POINT (-6.2142254 53.2762191),,charging_station,,,,,ubitricity,,,,,,https://www.ubitricity.com,,yes,,,,1,,,,,suby1100009231,,,,,,,,,street_lamp,1,5.5kW,,,,,,,,,yes,,,,,,,,,,,,,
,POINT (-6.213893 53.2761059),,charging_station,,,,,ubitricity,,,,,,https://www.ubitricity.com,,yes,,,,1,,,,,suby1100009232,,,,,,,,,street_lamp,1,5.5kW,,,,,,,,,yes,,,,,,,,,,,,,
,POINT (-6.2122214 53.2755595),,charging_station,,,,,ubitricity,,,,,,https://www.ubitricity.com,,yes,,,,1,,,,,suby1100009379,,,,,,,,,street_lamp,1,5.5kW,,,,,,,,,yes,,,,,,,,,,,,,
,POINT (-6.212557 53.2756693),,charging_station,,,,,ubitricity,,,,,,https://www.ubitricity.com,,yes,,,,1,,,,,suby1100009244,,,,,,,,,street_lamp,1,5.5kW,,,,,,,,,yes,,,,,,,,,,,,,
,POINT (-6.2134391 53.2759596),,charging_station,,,,,ubitricity,,,,,,https://www.ubitricity.com,,yes,,,,1,,,,,suby1100009233,,,,,,,,,street_lamp,1,5.5kW,,,,,,,,,yes,,,,,,,,,,,,,
,POINT (-6.2129826 53.2758163),,charging_station,,,,,ubitricity,,,,,,https://www.ubitricity.com,,yes,,,,1,,,,,suby1100009242,,,,,,,,,street_lamp,1,5.5kW,,,,,,,,,yes,,,,,,,,,,,,,
,POINT (-6.3876261 53.392111),,charging_station,,,,EC Charging Station,EC Charging,,,,,,,,yes,,,,4,,,,,IE*ECC*ECE7048*1;IE*ECC*ECE7049*1;IE*ECC*ECE7051*1;IE*ECC*ECE7052*1,,,,,,,,,,4,7kW,,,,,,,,,,,,,,,,,,,,,,
,POINT (-6.5323845 53.1713191),,charging_station,,,,EV Charge Point,,,,,,,,,,,,,2,,,,,,,,,,,,,,,2,,,,,,,,,,,,,,,,,,,,,,,
,POINT (-6.2384835 53.3459573),,charging_station,,,,ESB Electric Vehicle Fast Charge Point,ESB ecars,,,Q3050566,en:ESB Group,,,,yes,,,,4,,,,,C6N43;C7MN0,,,,,,,,,,2,22kW,,2,50kW,,,2,50kW,,yes,yes,,,,,,,,,,,,
,POINT (-6.3253107 53.296198),,charging_station,,,,EasyGo Charging Station,EasyGo,,,Q110158632,,,,,yes,,,,2,,,,,IE*EGO0218-01;IE*EGO0218-02,,,,,,,,,,2,22kW,,,,,,,,,yes,yes,,,,,,,,,,,,
,POINT (-6.3767378 53.3776045),,charging_station,,,,,,,,,,,,,,,,,1,,,,,,,,,,,,,,,,,,,,,,,,,,,,,,,,,,,,,,
,POINT (-6.2735349 53.2690113),,charging_station,,,,EV Charging Point,Dún Laoghaire-Rathdown County Council,,,,,,,,no,,,,2,,,,,,,,,,,,,,,2,22kW,,,,,,,,,,,,yes,,,,,,,,,,
,POINT (-6.2277058 53.2586948),,charging_station,,,,EV Charging Point,Dún Laoghaire-Rathdown County Council,,,,,,,,no,,,,10,,,,,,,,,,,,,,,10,7.2kW,,,,,,,,,,,,yes,,,,,,,,,,
,POINT (-6.1767482 53.2877676),,charging_station,,,,,,,,,,,,customers,,,,,4,,,,,,,,,,,,,,,,,,,,,,,,,,,,,,,,,,,,,,
,POINT (-6.1243752 53.1898374),,charging_station,,,,Lidl Electric Vehicle Rapid Chargers,EasyGo;Lidl,,,,,,,,yes,,,,2,,,,,IE*EGO0517-01,,,,,,,,,,1,44kW,,1,50kW,,,1,50kW,,yes,yes,,,,,,,,,,,,
yes,POINT (-6.2177584 53.2739208),Bracken Road,charging_station,"Tesla, Inc.",Q478214,,Dublin Supercharger,"Tesla, Inc.",,24/7,Q478214,,,https://www.tesla.com/findus/location/supercharger/dublinsandyford,customers,yes,,Dublin,,4,,IR,92,,,,,no,,,,,Tesla,,,,,,,520,480,,,,,,,,,,,,4,250 kW,,,,
,POINT (-6.2269441 53.3275118),,charging_station,,,,EV Charging Stations,,,,,,,,permissive,no,,,,6,,,,,,,,,,,,,,,6,5kW,,,,,,,,,,,,yes,,,,,,,,,,
,POINT (-6.4006577 53.3955411),,charging_station,,,,,,,,,,,,no,,,,,,,,,,,,,,,,,,,,,,,,,,,,,,,,,,,,,,,,,,,
,POINT (-6.2279092 53.3488067),,charging_station,,,,flowbird park & charge,flowbird,,,,,,,,yes,,,,10,,,,,LP00335F;LP00335E;LP00335D;LP00336B;LP00336F;LP003371;LP003370;LP00336A;LP003372;LP003373,,,,-1,,,,,,10,7kW,,,,,,,,,yes,,,,,,,,,,,,,
,POINT (-6.1562705 53.4503654),,charging_station,,,,Ubitricity Lamp Post,Ubitricity,,,,,,,,no,,,,1,,,,,IDsuby1100008913,,,,,,,,,,1,5.5kW,,,,,,,,,,,,,,,,,,,,,,
,POINT (-6.152151 53.4509965),,charging_station,,,,Ubitricity Lamp Post,Ubitricity,,,,,,,,no,,,,1,,,,,IDsuby1100002775,,,,,,,,,,1,5.5kW,,,,,,,,,,,,,,,,,,,,,,
,POINT (-6.3462906 53.2868401),,charging_station,,,,,,,,,,,,,,,,,,,,,,,,,,,,,,,,,,,,,,,,,,,,,,,,,,,,,,,
,POINT (-6.2991861 53.3470559),,charging_station,,,,EC Charging Fast Charger,,,,,,,,permissive,yes,,,,2,,,,,IE*ECC*ECE7099;IE*ECC*ECE7100,,,,,,,,,,2,43kW,,2,50kW,,,2,50kW,,,,,,,,,,,,,,,
,POINT (-6.3060151 53.3900761),,charging_station,,,,EasyGo Charging Station,EasyGo,,,Q110158632,,,,,yes,,,,4,,,,,IE*EGO0540-01;IE*EGO0540-02,,,,,,,,,,2,22kW,,1,75kW,,,1,75kW,,yes,yes,,,,,,,,,,,,
,POINT (-6.2305221 53.3449615),,charging_station,,,,USB for phones (4x),,,,,,,,,,,,,,,,,,,,,,,,in the bench,,,,,,,,,,,,,,,,,,,,,,,,,,,
,POINT (-6.2548959 53.3391279),,charging_station,,,,,,,,,,,,permissive,,,,,2,,,,,,,,,,,,,,,,,,,,,,,,,,,,,,,,,,,,,,
,POINT (-6.3396575 53.2873399),,charging_station,,,,,,,,,,,,,,,,,,,,,,,,,,,,,,,,,,,,,,,,,,,,,,,,,,,,,,,
,POINT (-6.2786216 53.3197369),,charging_station,,,,,,,,,,,,private,,,,,1,,,,,,,,,,,,,,,,,,,,,,,,,,,,,,,,,,,,,,
,POINT (-6.3189845 53.2829494),,charging_station,,,,ESB Electric Vehicle Fast Charge Point,ESB ecars,,24/7,Q3050566,en:ESB Group,,,,yes,,,,,,,,,,,,,,,,,,,,,,,,,,,,,,,,,,,,,,,,,,
,POINT (-6.3189942 53.2829254),,charging_station,,,,ESB Electric Vehicle High Power Charge Point,ESB ecars,,24/7,Q3050566,en:ESB Group,,,,yes,,,,,,,,,,,,,,,,,,,,,,,,,,,,,,,,,,,,,,,,,,
,POINT (-6.1622781 53.2605063),,charging_station,,,,,DLR County Council,,,,,,,yes,no,,,,2,,,,,,,,no,,,,,,,,,,,,,,,,,,,,,,,,,,,Rolec,,,
,POINT (-6.1591344 53.5251358),Ashe Street,charging_station,Lidl,Q151954,,Lidl Electric Vehicle Rapid Charger,EasyGo,Lidl,,Q110158632,,,https://easygo.ie/,permissive,yes,,Lusk,,2,,,,,,,,,,,,,,,,,,1,30kW,,,1,30kW,,yes,yes,,,,,,,,,,,,
,POINT (-6.2734441 53.2737747),,charging_station,,,,,Dun Laoghaire Rathdown County Council,,,,,,,private,,,,,2,,,,,,Park Staff only,,,,,,,,,,,,,,,,,,,,,,,,,,,,,,,,
yes,POINT (-6.1785181 53.3807462),,charging_station,ESB,,,High Power Charge Point,ESB ecars,,,,,,,yes,yes,,,,2,,,,,C7QJ3,,,no,,,,,,,,,,2,,375,400,2,,,,,,,,,,,,,,yes,150 kW,
yes,POINT (-6.1784605 53.3807488),,charging_station,ESB,,,Fast Charge Point,ESB ecars,,,,,,,yes,yes,,,,2,,,,,C6JUJ,,,no,,,,,,,1,,,1,,125,400,1,,,,,,,,,,,,,,yes,50 kW,
,"POLYGON ((-6.5446819 53.3440689, -6.5446749 53.3440283, -6.5446376 53.3440306, -6.5446446 53.3440712, -6.5446819 53.3440689))",,charging_station,,,,,,,,,,,,,,,,,,,,,,,,,,,,,,,,,,,,,,,,,,,,,,,,,,,,,,,"[10902732568, 10902732569, 10902732570, 10902732571, 10902732568]"
,"POLYGON ((-6.5446446 53.3440712, -6.5446376 53.3440306, -6.5446006 53.3440328, -6.5446076 53.3440735, -6.5446446 53.3440712))",,charging_station,,,,,,,,,,,,,,,,,,,,,,,,,,,,,,,,,,,,,,,,,,,,,,,,,,,,,,,"[10902732571, 10902732570, 10902732572, 10902732573, 10902732571]"
